﻿<?xml version="1.0" encoding="utf-8" ?>
<Defs>
	<ThingDef Abstract="True" Name="HideBase" ParentName="ResourceBase">
		<description>These raw hides and pelts were removed from a creature, and with the right skills and tools, could be processed into tanned leather.</description>
		<graphicData>
			<texPath>Things/Item/Resource/Hide</texPath>
			<graphicClass>Graphic_Single</graphicClass>
		</graphicData>
		<statBases>
			<MaxHitPoints>30</MaxHitPoints>
			<DeteriorationRate>2</DeteriorationRate>
			<Mass>0.03</Mass>
			<Flammability>1</Flammability>
			<MarketValue>0.85</MarketValue>
		</statBases>
		<thingCategories>
			<li>Hides</li>
		</thingCategories>
		<tradeTags>
			<li>Hides</li>
		</tradeTags>
	</ThingDef>
	
	<ThingDef ParentName="HideBase">
		<defName>Hide_Plain</defName>
		<label>hide</label>
		<graphicData>
			<color>(162,106,57)</color>
		</graphicData>
		<butcherProducts>
			<Prepared_Hide_Plain>15</Prepared_Hide_Plain>
		</butcherProducts>
	</ThingDef>
	<ThingDef ParentName="HideBase">
		<defName>Hide_Thick</defName>
		<label>thick hide</label>
		<graphicData>
			<color>(112,82,65)</color>
		</graphicData>
		<butcherProducts>
			<Prepared_Hide_Thick>15</Prepared_Hide_Thick>
		</butcherProducts>
		<statBases>
			<MarketValue>1.2</MarketValue>
		</statBases>
	</ThingDef>
	<ThingDef ParentName="HideBase">
		<defName>Hide_SoftPelt</defName>
		<label>soft pelt</label>
		<graphicData>
			<color>(140,85,36)</color>
		</graphicData>
		<butcherProducts>
			<Prepared_Hide_SoftPelt>15</Prepared_Hide_SoftPelt>
		</butcherProducts>
		<statBases>
			<MarketValue>1.2</MarketValue>
		</statBases>
	</ThingDef>
	<ThingDef ParentName="HideBase">
		<defName>Hide_HeavyPelt</defName>
		<label>heavy pelt</label>
		<graphicData>
			<color>(152,170,174)</color>
		</graphicData>
		<butcherProducts>
			<Prepared_Hide_HeavyPelt>15</Prepared_Hide_HeavyPelt>
		</butcherProducts>
		<statBases>
			<MarketValue>0.9</MarketValue>
		</statBases>
	</ThingDef>
	<ThingDef ParentName="HideBase">
		<defName>Hide_Scale</defName>
		<label>scale hide</label>
		<graphicData>
			<color>(101,116,58)</color>
		</graphicData>
		<butcherProducts>
			<Prepared_Hide_Scale>15</Prepared_Hide_Scale>
		</butcherProducts>
	</ThingDef>
	<ThingDef ParentName="HideBase">
		<defName>Hide_Bird</defName>
		<label>birdskin</label>
		<graphicData>
			<color>(76,83,99)</color>
		</graphicData>
		<butcherProducts>
			<Prepared_Hide_Bird>15</Prepared_Hide_Bird>
		</butcherProducts>
	</ThingDef>
	<ThingDef ParentName="HideBase">
		<defName>Hide_Thrumbo</defName>
		<label>thrumbo pelt</label>
		<graphicData>
			<color>(233,233,233)</color>
		</graphicData>
		<butcherProducts>
			<Prepared_Hide_Thrumbo>15</Prepared_Hide_Thrumbo>
		</butcherProducts>
		<statBases>
			<MarketValue>5.6</MarketValue>
		</statBases>
	</ThingDef>
	<ThingDef ParentName="HideBase">
		<defName>Hide_Human</defName>
		<label>human flesh</label>
		<graphicData>
			<color>(211,194,143)</color>
		</graphicData>
		<butcherProducts>
			<Prepared_Hide_Human>15</Prepared_Hide_Human>
		</butcherProducts>
		<statBases>
			<MarketValue>1.6</MarketValue>
		</statBases>
	</ThingDef>
	
	<ThingDef ParentName="LeatherBase">
		<defName>Leather_Rawhide</defName>
		<label>rawhide</label>
		<description>A weak textile created by cutting up and sewing together various types of leathers. Regardless of what kind of leather is used to create it, patchleather's irregular seams make it less tough and less insulating than any intact leather.</description>
		<graphicData>
			<color>(207,179,137)</color>
		</graphicData>
		<statBases>
			<MarketValue>1.1</MarketValue>
			<StuffPower_Armor_Sharp>0.7</StuffPower_Armor_Sharp>
			<StuffPower_Armor_Blunt>0.22</StuffPower_Armor_Blunt>
			<StuffPower_Armor_Heat>1.5</StuffPower_Armor_Heat>
			<StuffPower_Insulation_Cold>16</StuffPower_Insulation_Cold>
			<StuffPower_Insulation_Heat>16</StuffPower_Insulation_Heat>
		</statBases>
		<stuffProps>
			<color>(207,179,137)</color>
			<commonality>0.075</commonality>
			<statFactors>
				<MaxHitPoints>0.33</MaxHitPoints>
				<Beauty>0.66</Beauty>
				<BedRestEffectiveness>0.85</BedRestEffectiveness>
				<Comfort>0.75</Comfort>
			</statFactors>
		</stuffProps>
	</ThingDef>
</Defs>