﻿<?xml version="1.0" encoding="utf-8" ?>
<Defs>
	<ThingDef Abstract="True" Name="DummyLeatherBase">
		<label>generic</label>
		<description>Error: this item should not exist. Please report to Simple Chains: Leather comment's section.</description>
		<thingClass>ThingWithComps</thingClass>
		<statBases>
			<MarketValue>0</MarketValue>
		</statBases>
		<destroyOnDrop>True</destroyOnDrop>
		<tradeability>None</tradeability>
		<stuffProps>
			<commonality>0</commonality>
			<canSuggestUseDefaultStuff>true</canSuggestUseDefaultStuff>
		</stuffProps>
	</ThingDef>
	<ThingDef ParentName="ResourceBase">
		<defName>Owl_TanningLiquor</defName>
		<label>tanning liquor</label>
		<description>Tannins leeched from various natural sources have been concentrated into this liquor. It can be used to process raw hides into tanned leathers.</description>
		<graphicData>
			<texPath>Things/Item/Resource/TanningLiquor</texPath>
			<graphicClass>Graphic_Single</graphicClass>
		</graphicData>
		<rotatable>false</rotatable>
		<stackLimit>25</stackLimit>
		<thingCategories>
			<li>Manufactured</li>
		</thingCategories>
		<statBases>
			<DeteriorationRate>1.0</DeteriorationRate>
			<MarketValue>2.2</MarketValue>
			<Mass>0.8</Mass>
			<Flammability>0.05</Flammability>
			<MaxHitPoints>60</MaxHitPoints>
		</statBases>
	</ThingDef>
</Defs>