﻿<?xml version="1.0" encoding="utf-8" ?>
<Defs>
	<ThingDef ParentName="BuildingBase">
		<defName>Owl_TanningVat</defName>
		<label>tanning vat</label>
		<description>Tanning liquors can be poured here, and raw hides and pelts can then be soaked in it for a couple days to yield tanned leather.</description>    
		<thingClass>Building_WorkTable</thingClass>
		<graphicData>
			<texPath>Things/Building/Production/tanning_vat</texPath>
			<graphicClass>Graphic_Multi</graphicClass>
			<shaderType>CutoutComplex</shaderType>
			<drawSize>(1.5,1.5)</drawSize>
			<damageData>
				<rectN>(0.125,0.296875,0.734375,0.421875)</rectN>
				<rectS>(0.125,0.296875,0.734375,0.421875)</rectS>
				<rectE>(0.234375,0.296875,0.5,0.546875)</rectE>
				<rectW>(0.234375,0.296875,0.5,0.546875)</rectW>
				<cornerTL>Damage/Corner</cornerTL>
				<cornerTR>Damage/Corner</cornerTR>
				<cornerBL>Damage/Corner</cornerBL>
				<cornerBR>Damage/Corner</cornerBR>
			</damageData>
			<shadowData>
				<volume>(0.8, 0.8, 0.8)</volume>
				<offset>(0,0,-0.25)</offset>
			</shadowData>
		</graphicData>
		<uiIconPath>Things/Building/Production/tanning_vat_north</uiIconPath>
		<stuffCategories>
			<li>Metallic</li>
			<li>Woody</li>
		</stuffCategories>
		<costStuffCount>20</costStuffCount>
		<altitudeLayer>Building</altitudeLayer>
		<fillPercent>0.6</fillPercent>
		<useHitPoints>True</useHitPoints>
		<castEdgeShadows>true</castEdgeShadows>
		<statBases>
			<Mass>5</Mass>
			<MaxHitPoints>90</MaxHitPoints>
			<WorkToBuild>1000</WorkToBuild>
			<Flammability>1.0</Flammability>
		</statBases>
		<designationCategory>Production</designationCategory>
		<passability>PassThroughOnly</passability>
		<hasInteractionCell>True</hasInteractionCell>
		<interactionCellOffset>(0,0,-1)</interactionCellOffset>
		<inspectorTabs>
			<li>ITab_Bills</li>
		</inspectorTabs>
		<building>
			<spawnedConceptLearnOpportunity>BillsTab</spawnedConceptLearnOpportunity>
		</building>
		<comps>
			<li Class="UniversalFermenter.CompProperties_UniversalFermenter">
				<showProductIcon>false</showProductIcon>
				<processes>
					<li>
						<thingDef>Leather_Plain</thingDef>
						<ingredientFilter>
							<thingDefs>
								<li>Prepared_Hide_Plain</li>
							</thingDefs>
						</ingredientFilter>
						<maxCapacity>75</maxCapacity>
						<processDays>1.8</processDays>
						<temperatureIdeal>1~99</temperatureIdeal>
						<temperatureSafe>-50~200</temperatureSafe>
						<graphicSuffix>_full</graphicSuffix>
						<usesQuality>false</usesQuality>
					</li>
					<li>
						<thingDef>Leather_Bear</thingDef>
						<ingredientFilter>
							<thingDefs>
								<li>Prepared_Hide_Thick</li>
							</thingDefs>
						</ingredientFilter>
						<maxCapacity>75</maxCapacity>
						<processDays>2.3</processDays>
						<temperatureIdeal>1~99</temperatureIdeal>
						<temperatureSafe>-50~200</temperatureSafe>
						<graphicSuffix>_full</graphicSuffix>
						<usesQuality>false</usesQuality>
					</li>
					<li>
						<thingDef>Leather_Light</thingDef>
						<ingredientFilter>
							<thingDefs>
								<li>Prepared_Hide_SoftPelt</li>
							</thingDefs>
						</ingredientFilter>
						<maxCapacity>75</maxCapacity>
						<processDays>1.3</processDays>
						<temperatureIdeal>1~99</temperatureIdeal>
						<temperatureSafe>-50~200</temperatureSafe>
						<graphicSuffix>_full</graphicSuffix>
						<usesQuality>false</usesQuality>
					</li>
					<li>
						<thingDef>Leather_Bluefur</thingDef>
						<ingredientFilter>
							<thingDefs>
								<li>Prepared_Hide_HeavyPelt</li>
							</thingDefs>
						</ingredientFilter>
						<maxCapacity>75</maxCapacity>
						<processDays>1.9</processDays>
						<temperatureIdeal>1~99</temperatureIdeal>
						<temperatureSafe>-50~200</temperatureSafe>
						<graphicSuffix>_full</graphicSuffix>
						<usesQuality>false</usesQuality>
					</li>
					<li>
						<thingDef>Leather_Lizard</thingDef>
						<ingredientFilter>
							<thingDefs>
								<li>Prepared_Hide_Scale</li>
							</thingDefs>
						</ingredientFilter>
						<maxCapacity>75</maxCapacity>
						<processDays>1.8</processDays>
						<temperatureIdeal>1~99</temperatureIdeal>
						<temperatureSafe>-50~200</temperatureSafe>
						<graphicSuffix>_full</graphicSuffix>
						<usesQuality>false</usesQuality>
					</li>
					<li>
						<thingDef>Leather_Bird</thingDef>
						<ingredientFilter>
							<thingDefs>
								<li>Prepared_Hide_Bird</li>
							</thingDefs>
						</ingredientFilter>
						<maxCapacity>75</maxCapacity>
						<processDays>1.8</processDays>
						<temperatureIdeal>1~99</temperatureIdeal>
						<temperatureSafe>-50~200</temperatureSafe>
						<graphicSuffix>_full</graphicSuffix>
						<usesQuality>false</usesQuality>
					</li>
					<li>
						<thingDef>Leather_Thrumbo</thingDef>
						<ingredientFilter>
							<thingDefs>
								<li>Prepared_Hide_Thrumbo</li>
							</thingDefs>
						</ingredientFilter>
						<maxCapacity>75</maxCapacity>
						<processDays>3.6</processDays>
						<temperatureIdeal>1~99</temperatureIdeal>
						<temperatureSafe>-50~200</temperatureSafe>
						<graphicSuffix>_full</graphicSuffix>
						<usesQuality>false</usesQuality>
					</li>
					<li>
						<thingDef>Leather_Human</thingDef>
						<ingredientFilter>
							<thingDefs>
								<li>Prepared_Hide_Human</li>
							</thingDefs>
						</ingredientFilter>
						<maxCapacity>75</maxCapacity>
						<processDays>1.8</processDays>
						<temperatureIdeal>1~99</temperatureIdeal>
						<temperatureSafe>-50~200</temperatureSafe>
						<graphicSuffix>_full</graphicSuffix>
						<usesQuality>false</usesQuality>
					</li>
				</processes>
			</li>
			<li Class="CompProperties_Forbiddable"/>
		</comps>
		<tickerType>Rare</tickerType>
		<minifiedDef>MinifiedThing</minifiedDef>
		<thingCategories>
			<li>BuildingsProduction</li>
		</thingCategories>
	</ThingDef>
</Defs>