<?xml version="1.0" encoding="utf-8" ?>
<Patch>
	<Operation Class="PatchOperationSequence">
		<success>Normal</success>
		<operations>
			<!-- Hide_Plain -->
			<li Class="PatchOperationReplace">
				<success>Always</success>
				<xpath>Defs/ThingDef/race/leatherDef[
					text()="Leather_Plain" or 
					text()="Leather_Dog" or 
					text()="Leather_Wolf" or 
					text()="Leather_Panthera" or 
					text()="Leather_Camel" or 
				text()="Leather_Pig"]</xpath>
				<value>
					<leatherDef>Hide_Plain</leatherDef>
				</value>
			</li>
			<!-- Hide_Thick -->
			<li Class="PatchOperationReplace">
				<success>Always</success>
				<xpath>Defs/ThingDef/race/leatherDef[
					text()="Leather_Bear" or 
					text()="Leather_Elephant" or 
				text()="Leather_Rhinoceros"]</xpath>
				<value>
					<leatherDef>Hide_Thick</leatherDef>
				</value>
			</li>
			<!-- Hide_SoftPelt -->
			<li Class="PatchOperationReplace">
				<success>Always</success>
				<xpath>Defs/ThingDef/race/leatherDef[
					text()="Leather_Light" or 
					text()="Leather_Chinchilla" or 
					text()="Leather_GuineaPig" or 
				text()="Leather_Fox"]</xpath>
				<value>
					<leatherDef>Hide_SoftPelt</leatherDef>
				</value>
			</li>
			<!-- Hide_HeavyPelt -->
			<li Class="PatchOperationReplace">
				<success>Always</success>
				<xpath>Defs/ThingDef/race/leatherDef[
					text()="Leather_Bluefur" or 
				text()="Leather_Heavy"]</xpath>
				<value>
					<leatherDef>Hide_HeavyPelt</leatherDef>
				</value>
			</li>
			<!-- Hide_Scale -->
			<li Class="PatchOperationReplace">
				<success>Always</success>
				<xpath>Defs/ThingDef/race/leatherDef[text()="Leather_Lizard"]</xpath>
				<value>
					<leatherDef>Hide_Scale</leatherDef>
				</value>
			</li>
			<!-- Hide_Birdskin -->
			<li Class="PatchOperationReplace">
				<success>Always</success>
				<xpath>Defs/ThingDef/race/leatherDef[text()="Leather_Bird"]</xpath>
				<value>
					<leatherDef>Hide_Bird</leatherDef>
				</value>
			</li>
			<!-- Hide_ThrumboPelt -->
			<li Class="PatchOperationReplace">
				<success>Always</success>
				<xpath>Defs/ThingDef/race/leatherDef[text()="Leather_Thrumbo"]</xpath>
				<value>
					<leatherDef>Hide_Thrumbo</leatherDef>
				</value>
			</li>
			<!-- Hide_HumanFlesh -->
			<li Class="PatchOperationReplace">
				<success>Always</success>
				<xpath>Defs/ThingDef/race/leatherDef[text()="Leather_Human"]</xpath>
				<value>
					<leatherDef>Hide_Human</leatherDef>
				</value>
			</li>
			
			<!-- Change the leather amounts on the follow creatures. First we remove this tag in case some other mod may have added it -->
			<li Class="PatchOperationRemove">
				<success>Always</success>
				<xpath>Defs/ThingDef[defName="Rat" or defName="Turkey"]/statBases/LeatherAmount</xpath>
			</li>
			<li Class="PatchOperationAdd">
				<success>Always</success>
				<xpath>Defs/ThingDef[defName="Rat" or defName="Turkey"]/statBases</xpath>
				<value>
					<LeatherAmount>0</LeatherAmount>
				</value>
			</li>
			
			<!-- Remove leftover, unused leathers -->
			<li Class="PatchOperationRemove">
				<xpath>
					/Defs/ThingDef[defName="Leather_Dog" or 
					defName="Leather_Wolf" or 
					defName="Leather_Panthera" or 
					defName="Leather_Camel" or 
					defName="Leather_Pig" or 
					defName="Leather_Elephant" or 
					defName="Leather_Rhinoceros" or 
					defName="Leather_Chinchilla" or 
					defName="Leather_Fox" or 
					defName="Leather_GuineaPig" or 
					defName="Leather_Heavy"]
				</xpath>
			</li>
			
			<!-- Instead of removing the leathers, make them dummy defs. This is to prevent load crashing -->
			<li Class="PatchOperationAdd">
				<success>Always</success> 
				<xpath>/Defs</xpath>
				<value>
					<ThingDef ParentName="DummyLeatherBase">
						<defName>Leather_Dog</defName>
					</ThingDef>
					<ThingDef ParentName="DummyLeatherBase">
						<defName>Leather_Wolf</defName>
					</ThingDef>
					<ThingDef ParentName="DummyLeatherBase">
						<defName>Leather_Panthera</defName>
					</ThingDef>
					<ThingDef ParentName="DummyLeatherBase">
						<defName>Leather_Camel</defName>
					</ThingDef>
					<ThingDef ParentName="DummyLeatherBase">
						<defName>Leather_Pig</defName>
					</ThingDef>
					<ThingDef ParentName="DummyLeatherBase">
						<defName>Leather_Elephant</defName>
					</ThingDef>
					<ThingDef ParentName="DummyLeatherBase">
						<defName>Leather_Rhinoceros</defName>
					</ThingDef>
					<ThingDef ParentName="DummyLeatherBase">
						<defName>Leather_Chinchilla</defName>
					</ThingDef>
					<ThingDef ParentName="DummyLeatherBase">
						<defName>Leather_Fox</defName>
					</ThingDef>
					<ThingDef ParentName="DummyLeatherBase">
						<defName>Leather_GuineaPig</defName>
					</ThingDef>
					<ThingDef ParentName="DummyLeatherBase">
						<defName>Leather_Heavy</defName>
					</ThingDef>
				</value>
			</li>
			
			<!-- Remove faction filters -->
			<li Class="PatchOperationRemove">
				<success>Always</success>
				<xpath>
					/Defs/FactionDef/apparelStuffFilter/thingDefs/li[text()="Leather_Dog" or 
					text()="Leather_Wolf" or 
					text()="Leather_Panthera" or 
					text()="Leather_Camel" or 
					text()="Leather_Pig" or 
					text()="Leather_Elephant" or 
					text()="Leather_Rhinoceros" or 
					text()="Leather_Chinchilla" or 
					text()="Leather_Fox" or 
					text()="Leather_GuineaPig" or 
					text()="Leather_Heavy"]
				</xpath>
			</li>
			
			<!-- Scenario starting items -->
			<li Class="PatchOperationRemove">
				<success>Always</success>
				<xpath>
					/Defs/ScenarioDef/scenario/parts/li[@Class="ScenPart_StartingThing_Defined" and thingDef="Leather_Dog" or 
					thingDef="Leather_Wolf" or 
					thingDef="Leather_Panthera" or 
					thingDef="Leather_Camel" or 
					thingDef="Leather_Pig" or 
					thingDef="Leather_Elephant" or 
					thingDef="Leather_Rhinoceros" or 
					thingDef="Leather_Chinchilla" or 
					thingDef="Leather_Fox" or 
					thingDef="Leather_GuineaPig" or 
					thingDef="Leather_Heavy"]
				</xpath>
			</li>
			
			<!-- Replace recipes that use removed ingredients -->
			<li Class="PatchOperationReplace">
				<success>Always</success>
				<xpath>/Defs/RecipeDef//thingDefs/li[text()="Leather_Dog" or text()="Leather_Wolf" or text()="Leather_Panthera" or text()="Leather_Camel" or text()="Leather_Pig"]</xpath>
				<value>
					<li>Leather_Plain</li>
				</value>
			</li>
			<li Class="PatchOperationReplace">
				<success>Always</success>
				<xpath>/Defs/RecipeDef//thingDefs/li[text()="Leather_Elephant" or text()="Leather_Rhinoceros"]</xpath>
				<value>
					<li>Leather_Bear</li>
				</value>
			</li>
			<li Class="PatchOperationReplace">
				<success>Always</success>
				<xpath>/Defs/RecipeDef//thingDefs/li[text()="Leather_Chinchilla" or text()="Leather_Fox" or text()="Leather_GuineaPig"]</xpath>
				<value>
					<li>Leather_Light</li>
				</value>
			</li>
			<li Class="PatchOperationReplace">
				<success>Always</success>
				<xpath>/Defs/RecipeDef//thingDefs/li[text()="Leather_Heavy"]</xpath>
				<value>
					<li>Leather_Bluefur</li>
				</value>
			</li>
			
			<!-- Recipe maker costlist adaptions -->
			<li Class="PatchOperationSetName">
				<success>Always</success>
				<xpath>/Defs/ThingDef/costList/*[name()="Leather_Dog" or name()="Leather_Wolf" or name()="Leather_Panthera" or name()="Leather_Camel" or name()="Leather_Pig"]</xpath>
				<name>Leather_Plain</name>
			</li>
			<li Class="PatchOperationSetName">
				<success>Always</success>
				<xpath>/Defs/ThingDef/costList/*[name()="Leather_Elephant" or name()="Leather_Rhinoceros"]</xpath>
				<name>Leather_Bear</name>
			</li>
			<li Class="PatchOperationSetName">
				<success>Always</success>
				<xpath>/Defs/ThingDef/costList/*[name()="Leather_Chinchilla" or name()="Leather_Fox" or name()="Leather_GuineaPig"]</xpath>
				<name>Leather_Light</name>
			</li>
			<li Class="PatchOperationSetName">
				<success>Always</success>
				<xpath>/Defs/ThingDef/costList/Leather_Heavy</xpath>
				<name>Leather_Bluefur</name>
			</li>
			
			<!-- Give leathers generic names -->
			<li Class="PatchOperationReplace">
				<success>Always</success>
				<xpath>Defs/ThingDef[defName="Leather_Plain"]/label</xpath>
				<value>
					<label>leather</label>
				</value>
			</li>
			<li Class="PatchOperationReplace">
				<success>Always</success>
				<xpath>Defs/ThingDef[defName="Leather_Bear"]/label</xpath>
				<value>
					<label>thick leather</label>
				</value>
			</li>
			<li Class="PatchOperationReplace">
				<success>Always</success>
				<xpath>Defs/ThingDef[defName="Leather_Light"]/label</xpath>
				<value>
					<label>soft fur</label>
				</value>
			</li>
			<li Class="PatchOperationReplace">
				<success>Always</success>
				<xpath>Defs/ThingDef[defName="Leather_Bluefur"]/label</xpath>
				<value>
					<label>heavy fur</label>
				</value>
			</li>
			<li Class="PatchOperationReplace">
				<success>Always</success>
				<xpath>Defs/ThingDef[defName="Leather_Lizard"]/label</xpath>
				<value>
					<label>scale leather</label>
				</value>
			</li>
			<li Class="PatchOperationReplace">
				<success>Always</success>
				<xpath>Defs/ThingDef[defName="Leather_Bird"]/label</xpath>
				<value>
					<label>bird leather</label>
				</value>
			</li>
			<li Class="PatchOperationReplace">
				<success>Always</success>
				<xpath>Defs/ThingDef[defName="Leather_Thrumbo"]/label</xpath>
				<value>
					<label>thrumbo fur</label>
				</value>
			</li>
			
			<!-- Patch traders -->
			<li Class="PatchOperationAdd">
				<success>Always</success>
				<xpath>Defs/TraderKindDef[defName="Base_Neolithic_Standard" or 
					defName="Base_Outlander_Standard" or 
					defName="Caravan_Outlander_BulkGoods" or 
					defName="Caravan_Neolithic_BulkGoods" or 
				defName="Orbital_BulkGoods"]/stockGenerators</xpath>
				<value>
					<li Class="StockGenerator_BuyTradeTag">
						<tag>Hides</tag>
					</li>
				</value>
			</li>
			
			<!-- Patch work giver -->
			<li Class="PatchOperationAdd">
				<success>Always</success>
				<xpath>/Defs/WorkGiverDef[defName="DoBillsUseCraftingSpot"]/fixedBillGiverDefs</xpath>
				<value>
					<li>Owl_TanningVat</li>
				</value>
			</li>
		</operations>
	</Operation>
	
	<!-- Rebalance stats -->
	<Operation Class="PatchOperationSequence">
		<success>Normal</success>
		<operations>
			<!-- The next two operations blow away the statBases and rebuild it so we don't have to run so many messy conditional checks -->
			<li Class="PatchOperationRemove">
				<success>Always</success>
				<xpath>Defs/ThingDef[
					defName="Leather_Plain" or 
					defName="Leather_Bear" or 
					defName="Leather_Light" or 
					defName="Leather_Bluefur" or 
					defName="Leather_Lizard" or 
					defName="Leather_Bird" or 
					defName="Leather_Human" or 
				defName="Leather_Patch"]/statBases</xpath>
			</li>
			<!-- Start adding stats -->
			<li Class="PatchOperationAdd">
				<xpath>Defs/ThingDef[defName="Leather_Plain"]</xpath>
				<value>
					<statBases>
						<MarketValue>2</MarketValue>
						<StuffPower_Armor_Sharp>0.75</StuffPower_Armor_Sharp>
						<StuffPower_Armor_Blunt>0.24</StuffPower_Armor_Blunt>
						<BedRestEffectiveness>0.9</BedRestEffectiveness>
					</statBases>
				</value>
			</li>
			<li Class="PatchOperationAdd">
				<xpath>Defs/ThingDef[defName="Leather_Bear"]</xpath>
				<value>
					<statBases>
						<MarketValue>3</MarketValue>
						<StuffPower_Armor_Sharp>1.1</StuffPower_Armor_Sharp>
						<StuffPower_Armor_Blunt>0.28</StuffPower_Armor_Blunt>
						<StuffPower_Insulation_Cold>17</StuffPower_Insulation_Cold>
						<StuffPower_Insulation_Heat>17</StuffPower_Insulation_Heat>
					</statBases>
				</value>
			</li>
			<li Class="PatchOperationAdd">
				<xpath>Defs/ThingDef[defName="Leather_Light"]</xpath>
				<value>
					<statBases>
						<MarketValue>2.75</MarketValue>
						<StuffPower_Armor_Sharp>0.55</StuffPower_Armor_Sharp>
						<StuffPower_Armor_Blunt>0.2</StuffPower_Armor_Blunt>
						<StuffPower_Insulation_Heat>12</StuffPower_Insulation_Heat>
					</statBases>
				</value>
			</li>
			<li Class="PatchOperationAdd">
				<xpath>Defs/ThingDef[defName="Leather_Bluefur"]</xpath>
				<value>
					<statBases>
						<MarketValue>2.3</MarketValue>
						<StuffPower_Armor_Sharp>0.75</StuffPower_Armor_Sharp>
						<StuffPower_Armor_Blunt>0.24</StuffPower_Armor_Blunt>
						<StuffPower_Insulation_Cold>30</StuffPower_Insulation_Cold>
						<StuffPower_Insulation_Heat>17</StuffPower_Insulation_Heat>
					</statBases>
				</value>
			</li>
			<li Class="PatchOperationAdd">
				<xpath>Defs/ThingDef[defName="Leather_Lizard"]</xpath>
				<value>
					<statBases>
						<MarketValue>2.5</MarketValue>
						<StuffPower_Armor_Sharp>0.8</StuffPower_Armor_Sharp>
						<StuffPower_Armor_Blunt>0.26</StuffPower_Armor_Blunt>
						<StuffPower_Insulation_Cold>12</StuffPower_Insulation_Cold>
						<StuffPower_Insulation_Heat>12</StuffPower_Insulation_Heat>
					</statBases>
				</value>
			</li>
			<li Class="PatchOperationAdd">
				<xpath>Defs/ThingDef[defName="Leather_Bird"]</xpath>
				<value>
					<statBases>
						<MarketValue>2</MarketValue>
						<StuffPower_Armor_Sharp>0.7</StuffPower_Armor_Sharp>
						<StuffPower_Armor_Blunt>0.2</StuffPower_Armor_Blunt>
						<StuffPower_Insulation_Cold>14</StuffPower_Insulation_Cold>
						<StuffPower_Insulation_Heat>22</StuffPower_Insulation_Heat>
					</statBases>
				</value>
			</li>
			<li Class="PatchOperationAdd">
				<xpath>Defs/ThingDef[defName="Leather_Human"]</xpath>
				<value>
					<statBases>
						<MarketValue>4.2</MarketValue>
						<StuffPower_Armor_Sharp>0.7</StuffPower_Armor_Sharp>
						<StuffPower_Armor_Blunt>0.2</StuffPower_Armor_Blunt>
						<StuffPower_Insulation_Cold>14</StuffPower_Insulation_Cold>
						<StuffPower_Insulation_Heat>12</StuffPower_Insulation_Heat>
					</statBases>
				</value>
			</li>
			<li Class="PatchOperationAdd">
				<xpath>Defs/ThingDef[defName="Leather_Patch"]</xpath>
				<value>
					<statBases>
						<MarketValue>1.5</MarketValue>
						<StuffPower_Armor_Sharp>0.55</StuffPower_Armor_Sharp>
						<StuffPower_Armor_Blunt>0.19</StuffPower_Armor_Blunt>
						<StuffPower_Armor_Heat>1.5</StuffPower_Armor_Heat>
						<StuffPower_Insulation_Cold>12</StuffPower_Insulation_Cold>
						<StuffPower_Insulation_Heat>12</StuffPower_Insulation_Heat>
					</statBases>
				</value>
			</li>
			<!-- No change to thrumbofur  -->
			<!-- Blow away the stuff statFactors so we can rebuild them -->
			<li Class="PatchOperationRemove">
				<xpath>Defs/ThingDef[
					defName="Leather_Plain" or 
					defName="Leather_Bear" or 
					defName="Leather_Light" or 
					defName="Leather_Bluefur" or 
					defName="Leather_Lizard" or 
					defName="Leather_Bird" or 
					defName="Leather_Patch" or
				defName="Leather_Thrumbo"]/stuffProps/statFactors</xpath>
				<success>Always</success>
			</li>
			<li Class="PatchOperationAdd">
				<xpath>Defs/ThingDef[defName="Leather_Plain"]/stuffProps</xpath>
				<value>
					<statFactors>
						<BedRestEffectiveness>0.9</BedRestEffectiveness>
					</statFactors>
				</value>
			</li>
			<li Class="PatchOperationAdd">
				<xpath>Defs/ThingDef[defName="Leather_Bear"]/stuffProps</xpath>
				<value>
					<statFactors>
						<MaxHitPoints>1.6</MaxHitPoints>
						<BedRestEffectiveness>0.9</BedRestEffectiveness>
						<Comfort>0.75</Comfort>
						<WorkToMake>1.33</WorkToMake>
						<EquipDelay>1.33</EquipDelay>
						<Mass>1.5</Mass>
					</statFactors>
				</value>
			</li>
			<li Class="PatchOperationAdd">
				<xpath>Defs/ThingDef[defName="Leather_Light"]/stuffProps</xpath>
				<value>
					<statFactors>
						<MaxHitPoints>1.0</MaxHitPoints>
						<Beauty>1.5</Beauty>
						<BedRestEffectiveness>1.1</BedRestEffectiveness>
						<Comfort>1.33</Comfort>
						<WorkToMake>0.92</WorkToMake>
						<Mass>0.8</Mass>
					</statFactors>
				</value>
			</li>
			<li Class="PatchOperationAdd">
				<xpath>Defs/ThingDef[defName="Leather_Bluefur"]/stuffProps</xpath>
				<value>
					<statFactors>
						<Comfort>1.25</Comfort>
						<Beauty>1.25</Beauty>
						<MaxHitPoints>1.15</MaxHitPoints>
						<WorkToMake>1.08</WorkToMake>
						<Mass>1.3</Mass>
					</statFactors>
				</value>
			</li>
			<li Class="PatchOperationAdd">
				<xpath>Defs/ThingDef[defName="Leather_Lizard"]/stuffProps</xpath>
				<value>
					<statFactors>
						<MaxHitPoints>1.8</MaxHitPoints>
						<BedRestEffectiveness>0.9</BedRestEffectiveness>
						<Comfort>0.75</Comfort>
						<Mass>0.9</Mass>
					</statFactors>
				</value>
			</li>
			<li Class="PatchOperationAdd">
				<xpath>Defs/ThingDef[defName="Leather_Bird"]/stuffProps</xpath>
				<value>
					<statFactors>
						<BedRestEffectiveness>0.88</BedRestEffectiveness>
						<Comfort>0.75</Comfort>
						<MaxHitPoints>1</MaxHitPoints>
						<Beauty>1.25</Beauty>
					</statFactors>
				</value>
			</li>
			<li Class="PatchOperationAdd">
				<xpath>Defs/ThingDef[defName="Leather_Thrumbo"]/stuffProps</xpath>
				<value>
					<statFactors>
						<BedRestEffectiveness>1.1</BedRestEffectiveness>
						<Comfort>1.25</Comfort>
						<MaxHitPoints>2.0</MaxHitPoints>
						<Beauty>8</Beauty>
						<WorkToMake>1.5</WorkToMake>
						<Mass>1.45</Mass>
					</statFactors>
				</value>
			</li>
			<li Class="PatchOperationAdd">
				<xpath>Defs/ThingDef[defName="Leather_Patch"]/stuffProps</xpath>
				<value>
					<statFactors>
						<BedRestEffectiveness>0.86</BedRestEffectiveness>
						<Comfort>0.75</Comfort>
						<Beauty>0.5</Beauty>
					</statFactors>
				</value>
			</li>
		</operations>
	</Operation>
</Patch>		