<?xml version="1.0" encoding="utf-8" ?>
<Patch>
	<Operation Class="PatchOperationFindMod">
		<mods>
			<li>Vanilla Animals Expanded — Desert</li>
		</mods>
		<match Class="PatchOperationSequence">
			<success>Always</success>
			<operations>
				<!-- Replace leather drops with generics where appropriate -->
				<li Class="PatchOperationReplace">
					<xpath>Defs/ThingDef/race/leatherDef[text()="AEXP_Leather_Lion"]</xpath>
					<value>
						<leatherDef>Hide_Plain</leatherDef>
					</value>
				</li>
				
				<!-- Remove unused leather -->
				<li Class="PatchOperationRemove">
					<xpath>
						Defs/ThingDef[defName="AEXP_Leather_Lion"]/*/..
					</xpath>
				</li>
			</operations>
		</match>
	</Operation>
</Patch>