<?xml version="1.0" encoding="utf-8" ?>
<Patch>
	<Operation Class="PatchOperationFindMod">
		<mods>
			<li>Call of Cthulhu - Cosmic Horrors</li>
		</mods>
		<match Class="PatchOperationSequence">
			<success>Always</success>
			<operations>
				<!-- add the new hides -->
				<li Class="PatchOperationAdd">
					<xpath>Defs</xpath>
					<value>
						<ThingDef ParentName="HideBase">
							<defName>Hide_StarVampire</defName>
							<label>star vampire hide</label>
							<graphicData>
								<color>(176,39,39)</color>
							</graphicData>
							<butcherProducts>
								<Prepared_Hide_StarVampire>15</Prepared_Hide_StarVampire>
							</butcherProducts>
						</ThingDef>
					</value>
				</li>
				<li Class="PatchOperationAdd">
					<xpath>Defs</xpath>
					<value>
						<ThingDef ParentName="HideBase">
							<defName>Hide_MiGo</defName>
							<label>miGo hide</label>
							<graphicData>
								<color>(150,57,88)</color>
							</graphicData>
							<butcherProducts>
								<Prepared_Hide_MiGo>15</Prepared_Hide_MiGo>
							</butcherProducts>
						</ThingDef>
					</value>
				</li>
				<li Class="PatchOperationAdd">
					<xpath>Defs</xpath>
					<value>
						<ThingDef ParentName="HideBase">
							<defName>Hide_Chthonian</defName>
							<label>chthonian hide</label>
							<graphicData>
								<color>(78,60,61)</color>
							</graphicData>
							<butcherProducts>
								<Prepared_Hide_Chthonian>15</Prepared_Hide_Chthonian>
							</butcherProducts>
						</ThingDef>
					</value>
				</li>
				<li Class="PatchOperationAdd">
					<xpath>Defs</xpath>
					<value>
						<ThingDef ParentName="HideBase">
							<defName>Hide_Cthulhid</defName>
							<label>cthulhid hide</label>
							<graphicData>
								<color>(54,125,54)</color>
							</graphicData>
							<butcherProducts>
								<Prepared_Hide_Cthulhid>15</Prepared_Hide_Cthulhid>
							</butcherProducts>
						</ThingDef>
					</value>
				</li>
				<li Class="PatchOperationAdd">
					<xpath>Defs</xpath>
					<value>
						<ThingDef ParentName="HideBase">
							<defName>Hide_DarkYoung</defName>
							<label>dark-young hide</label>
							<graphicData>
								<color>(47,34,75)</color>
							</graphicData>
							<butcherProducts>
								<Prepared_Hide_DarkYoung>15</Prepared_Hide_DarkYoung>
							</butcherProducts>
						</ThingDef>
					</value>
				</li>
				<li Class="PatchOperationAdd">
					<xpath>Defs</xpath>
					<value>
						<ThingDef ParentName="HideBase">
							<defName>Hide_DeepOne</defName>
							<label>deepOne hide</label>
							<graphicData>
								<color>(57,59,74)</color>
							</graphicData>
							<butcherProducts>
								<Prepared_Hide_DeepOne>15</Prepared_Hide_DeepOne>
							</butcherProducts>
						</ThingDef>
					</value>
				</li>				
				<!-- apply the new hides -->
				<li Class="PatchOperationReplace">
					<xpath>/Defs/ThingDef/race/leatherDef[text()="CH_Leather_StarVampire"]</xpath>
					<value>
						<leatherDef>Hide_StarVampire</leatherDef>
					</value>
				</li>				
				<li Class="PatchOperationReplace">
					<xpath>/Defs/ThingDef/race/leatherDef[text()="CH_Leather_MiGo"]</xpath>
					<value>
						<leatherDef>Hide_MiGo</leatherDef>
					</value>
				</li>
				<li Class="PatchOperationReplace">
					<xpath>/Defs/ThingDef/race/leatherDef[text()="CH_Leather_Chthonian"]</xpath>
					<value>
						<leatherDef>Hide_Chthonian</leatherDef>
					</value>
				</li>
				<li Class="PatchOperationReplace">
					<xpath>/Defs/ThingDef/race/leatherDef[text()="CH_Leather_Cthulhid"]</xpath>
					<value>
						<leatherDef>Hide_Cthulhid</leatherDef>
					</value>
				</li>
				<li Class="PatchOperationReplace">
					<xpath>/Defs/ThingDef/race/leatherDef[text()="CH_Leather_DarkYoung"]</xpath>
					<value>
						<leatherDef>Hide_DarkYoung</leatherDef>
					</value>
				</li>
				<li Class="PatchOperationReplace">
					<xpath>/Defs/ThingDef/race/leatherDef[text()="CH_Leather_DeepOne"]</xpath>
					<value>
						<leatherDef>Hide_DeepOne</leatherDef>
					</value>
				</li>				
				<!-- add the prepared hides -->
				<li Class="PatchOperationAdd">
					<xpath>Defs</xpath>
					<value>
						<ThingDef ParentName="PreparedHideBase">
							<defName>Prepared_Hide_StarVampire</defName>
							<label>prepared star vampire hide</label>
						</ThingDef>
					</value>
				</li>				
				<li Class="PatchOperationAdd">
					<xpath>Defs</xpath>
					<value>
						<ThingDef ParentName="PreparedHideBase">
							<defName>Prepared_Hide_MiGo</defName>
							<label>prepared miGo hide</label>
						</ThingDef>
					</value>
				</li>
				<li Class="PatchOperationAdd">
					<xpath>Defs</xpath>
					<value>
						<ThingDef ParentName="PreparedHideBase">
							<defName>Prepared_Hide_Chthonian</defName>
							<label>prepared chthonian hide</label>
						</ThingDef>
					</value>
				</li>
				<li Class="PatchOperationAdd">
					<xpath>Defs</xpath>
					<value>
						<ThingDef ParentName="PreparedHideBase">
							<defName>Prepared_Hide_Cthulhid</defName>
							<label>prepared cthulhid hide</label>
						</ThingDef>
					</value>
				</li>
				<li Class="PatchOperationAdd">
					<xpath>Defs</xpath>
					<value>
						<ThingDef ParentName="PreparedHideBase">
							<defName>Prepared_Hide_DarkYoung</defName>
							<label>prepared dark-young hide</label>
						</ThingDef>
					</value>
				</li>
				<li Class="PatchOperationAdd">
					<xpath>Defs</xpath>
					<value>
						<ThingDef ParentName="PreparedHideBase">
							<defName>Prepared_Hide_DeepOne</defName>
							<label>prepared deepOne hide</label>
						</ThingDef>
					</value>
				</li>				
				<!-- add the recipes-->
				<li Class="PatchOperationAdd">
					<xpath>Defs</xpath>
					<value>
						<RecipeDef ParentName="PrepareHideBase">
							<label>prepare star vampire hide</label>
							<defName>Owl_PrepareHideStarVampire</defName>
							<ingredients>
								<li>
									<filter>
										<thingDefs>
											<li>Hide_StarVampire</li>
										</thingDefs>
									</filter>
									<count>15</count>
								</li>
								<li>
									<filter>
										<thingDefs>
											<li>Owl_TanningLiquor</li>
										</thingDefs>
									</filter>
									<count>7</count>
								</li>
							</ingredients>
							<fixedIngredientFilter>
								<thingDefs>
									<li>Hide_StarVampire</li>
									<li>Owl_TanningLiquor</li>
								</thingDefs>
							</fixedIngredientFilter>
							<products>
								<Prepared_Hide_StarVampire>15</Prepared_Hide_StarVampire>
							</products>
						</RecipeDef>
					</value>
				</li>
				<li Class="PatchOperationAdd">
					<xpath>Defs</xpath>
					<value>
						<RecipeDef ParentName="PrepareHideBase">
							<label>prepare miGo hide</label>
							<defName>Owl_PrepareHideMiGo</defName>
							<ingredients>
								<li>
									<filter>
										<thingDefs>
											<li>Hide_MiGo</li>
										</thingDefs>
									</filter>
									<count>15</count>
								</li>
								<li>
									<filter>
										<thingDefs>
											<li>Owl_TanningLiquor</li>
										</thingDefs>
									</filter>
									<count>7</count>
								</li>
							</ingredients>
							<fixedIngredientFilter>
								<thingDefs>
									<li>Hide_MiGo</li>
									<li>Owl_TanningLiquor</li>
								</thingDefs>
							</fixedIngredientFilter>
							<products>
								<Prepared_Hide_MiGo>15</Prepared_Hide_MiGo>
							</products>
						</RecipeDef>
					</value>
				</li>
				<li Class="PatchOperationAdd">
					<xpath>Defs</xpath>
					<value>
						<RecipeDef ParentName="PrepareHideBase">
							<label>prepare chthonian hide</label>
							<defName>Owl_PrepareHideChthonian</defName>
							<ingredients>
								<li>
									<filter>
										<thingDefs>
											<li>Hide_Chthonian</li>
										</thingDefs>
									</filter>
									<count>15</count>
								</li>
								<li>
									<filter>
										<thingDefs>
											<li>Owl_TanningLiquor</li>
										</thingDefs>
									</filter>
									<count>7</count>
								</li>
							</ingredients>
							<fixedIngredientFilter>
								<thingDefs>
									<li>Hide_Chthonian</li>
									<li>Owl_TanningLiquor</li>
								</thingDefs>
							</fixedIngredientFilter>
							<products>
								<Prepared_Hide_Chthonian>15</Prepared_Hide_Chthonian>
							</products>
						</RecipeDef>
					</value>
				</li>
				<li Class="PatchOperationAdd">
					<xpath>Defs</xpath>
					<value>
						<RecipeDef ParentName="PrepareHideBase">
							<label>prepare cthulhid hide</label>
							<defName>Owl_PrepareHideCthulhid</defName>
							<ingredients>
								<li>
									<filter>
										<thingDefs>
											<li>Hide_Cthulhid</li>
										</thingDefs>
									</filter>
									<count>15</count>
								</li>
								<li>
									<filter>
										<thingDefs>
											<li>Owl_TanningLiquor</li>
										</thingDefs>
									</filter>
									<count>7</count>
								</li>
							</ingredients>
							<fixedIngredientFilter>
								<thingDefs>
									<li>Hide_Cthulhid</li>
									<li>Owl_TanningLiquor</li>
								</thingDefs>
							</fixedIngredientFilter>
							<products>
								<Prepared_Hide_Cthulhid>15</Prepared_Hide_Cthulhid>
							</products>
						</RecipeDef>
					</value>
				</li>
				<li Class="PatchOperationAdd">
					<xpath>Defs</xpath>
					<value>
						<RecipeDef ParentName="PrepareHideBase">
							<label>prepare dark-young hide</label>
							<defName>Owl_PrepareHideDarkYoung</defName>
							<ingredients>
								<li>
									<filter>
										<thingDefs>
											<li>Hide_DarkYoung</li>
										</thingDefs>
									</filter>
									<count>15</count>
								</li>
								<li>
									<filter>
										<thingDefs>
											<li>Owl_TanningLiquor</li>
										</thingDefs>
									</filter>
									<count>7</count>
								</li>
							</ingredients>
							<fixedIngredientFilter>
								<thingDefs>
									<li>Hide_DarkYoung</li>
									<li>Owl_TanningLiquor</li>
								</thingDefs>
							</fixedIngredientFilter>
							<products>
								<Prepared_Hide_DarkYoung>15</Prepared_Hide_DarkYoung>
							</products>
						</RecipeDef>
					</value>
				</li>
				<li Class="PatchOperationAdd">
					<xpath>Defs</xpath>
					<value>
						<RecipeDef ParentName="PrepareHideBase">
							<label>prepare deepOne hide</label>
							<defName>Owl_PrepareHideDeepOne</defName>
							<ingredients>
								<li>
									<filter>
										<thingDefs>
											<li>Hide_DeepOne</li>
										</thingDefs>
									</filter>
									<count>15</count>
								</li>
								<li>
									<filter>
										<thingDefs>
											<li>Owl_TanningLiquor</li>
										</thingDefs>
									</filter>
									<count>7</count>
								</li>
							</ingredients>
							<fixedIngredientFilter>
								<thingDefs>
									<li>Hide_DeepOne</li>
									<li>Owl_TanningLiquor</li>
								</thingDefs>
							</fixedIngredientFilter>
							<products>
								<Prepared_Hide_DeepOne>15</Prepared_Hide_DeepOne>
							</products>
						</RecipeDef>
					</value>
				</li>				
				<!-- Add the tannin vat data -->
				<li Class="PatchOperationAdd">
					<xpath>/Defs/ThingDef[defName="Owl_TanningVat"]/comps/li[@Class="UniversalFermenter.CompProperties_UniversalFermenter"]/processes</xpath>
					<value>
						<li>
							<thingDef>CH_Leather_StarVampire</thingDef>
							<ingredientFilter>
								<thingDefs>
									<li>Prepared_Hide_StarVampire</li>
								</thingDefs>
							</ingredientFilter>
							<maxCapacity>75</maxCapacity>
							<processDays>2.91</processDays>
							<temperatureIdeal>1~99</temperatureIdeal>
							<temperatureSafe>-50~200</temperatureSafe>
							<graphicSuffix>_full</graphicSuffix>
							<usesQuality>false</usesQuality>
						</li>
					</value>
				</li>
				<li Class="PatchOperationAdd">
					<xpath>/Defs/ThingDef[defName="Owl_TanningVat"]/comps/li[@Class="UniversalFermenter.CompProperties_UniversalFermenter"]/processes</xpath>
					<value>
						<li>
							<thingDef>CH_Leather_MiGo</thingDef>
							<ingredientFilter>
								<thingDefs>
									<li>Prepared_Hide_MiGo</li>
								</thingDefs>
							</ingredientFilter>
							<maxCapacity>75</maxCapacity>
							<processDays>2.91</processDays>
							<temperatureIdeal>1~99</temperatureIdeal>
							<temperatureSafe>-50~200</temperatureSafe>
							<graphicSuffix>_full</graphicSuffix>
							<usesQuality>false</usesQuality>
						</li>
					</value>
				</li>
				<li Class="PatchOperationAdd">
					<xpath>/Defs/ThingDef[defName="Owl_TanningVat"]/comps/li[@Class="UniversalFermenter.CompProperties_UniversalFermenter"]/processes</xpath>
					<value>
						<li>
							<thingDef>CH_Leather_Chthonian</thingDef>
							<ingredientFilter>
								<thingDefs>
									<li>Prepared_Hide_Chthonian</li>
								</thingDefs>
							</ingredientFilter>
							<maxCapacity>75</maxCapacity>
							<processDays>2.91</processDays>
							<temperatureIdeal>1~99</temperatureIdeal>
							<temperatureSafe>-50~200</temperatureSafe>
							<graphicSuffix>_full</graphicSuffix>
							<usesQuality>false</usesQuality>
						</li>
					</value>
				</li>
				<li Class="PatchOperationAdd">
					<xpath>/Defs/ThingDef[defName="Owl_TanningVat"]/comps/li[@Class="UniversalFermenter.CompProperties_UniversalFermenter"]/processes</xpath>
					<value>
						<li>
							<thingDef>CH_Leather_Cthulhid</thingDef>
							<ingredientFilter>
								<thingDefs>
									<li>Prepared_Hide_Cthulhid</li>
								</thingDefs>
							</ingredientFilter>
							<maxCapacity>75</maxCapacity>
							<processDays>2.91</processDays>
							<temperatureIdeal>1~99</temperatureIdeal>
							<temperatureSafe>-50~200</temperatureSafe>
							<graphicSuffix>_full</graphicSuffix>
							<usesQuality>false</usesQuality>
						</li>
					</value>
				</li>
				<li Class="PatchOperationAdd">
					<xpath>/Defs/ThingDef[defName="Owl_TanningVat"]/comps/li[@Class="UniversalFermenter.CompProperties_UniversalFermenter"]/processes</xpath>
					<value>
						<li>
							<thingDef>CH_Leather_DarkYoung</thingDef>
							<ingredientFilter>
								<thingDefs>
									<li>Prepared_Hide_DarkYoung</li>
								</thingDefs>
							</ingredientFilter>
							<maxCapacity>75</maxCapacity>
							<processDays>2.91</processDays>
							<temperatureIdeal>1~99</temperatureIdeal>
							<temperatureSafe>-50~200</temperatureSafe>
							<graphicSuffix>_full</graphicSuffix>
							<usesQuality>false</usesQuality>
						</li>
					</value>
				</li>
				<li Class="PatchOperationAdd">
					<xpath>/Defs/ThingDef[defName="Owl_TanningVat"]/comps/li[@Class="UniversalFermenter.CompProperties_UniversalFermenter"]/processes</xpath>
					<value>
						<li>
							<thingDef>CH_Leather_DeepOne</thingDef>
							<ingredientFilter>
								<thingDefs>
									<li>Prepared_Hide_DeepOne</li>
								</thingDefs>
							</ingredientFilter>
							<maxCapacity>75</maxCapacity>
							<processDays>2.91</processDays>
							<temperatureIdeal>1~99</temperatureIdeal>
							<temperatureSafe>-50~200</temperatureSafe>
							<graphicSuffix>_full</graphicSuffix>
							<usesQuality>false</usesQuality>
						</li>
					</value>
				</li>				
			</operations>
		</match>
	</Operation>
</Patch>